farm_field,ffy_id,model,scenario_id,corn_price,n_price,EONR,yield_at_EONR,profit_at_EONR
23_2,23_2_2018,GAM,Nmult_0p2,5,0.16000000000000003,178.11498611327102,244.50607476663453,1194.0319760550494
23_2,23_2_2018,GAM,Nmult_0p4,5,0.32000000000000006,178.11498611327102,244.50607476663453,1165.533578276926
23_2,23_2_2018,GAM,Nmult_0p6,5,0.48,176.51211025057387,244.36588249840435,1137.103599571746
23_2,23_2_2018,GAM,Nmult_0p8,5,0.6400000000000001,176.51211025057387,244.36588249840435,1108.8616619316545
23_2,23_2_2018,GAM,Nmult_1p0,5,0.8,138.0430895458421,239.29064108193776,1086.0187337730151
23_2,23_2_2018,GAM,Nmult_1p2,5,0.96,138.0430895458421,239.29064108193776,1063.9318394456805
23_2,23_2_2018,GAM,Nmult_1p4,5,1.12,138.0430895458421,239.29064108193776,1041.8449451183455
23_2,23_2_2018,GAM,Nmult_1p6,5,1.2800000000000002,138.0430895458421,239.29064108193776,1019.7580507910108
23_2,23_2_2018,GAM,Nmult_1p8,5,1.4400000000000002,138.0430895458421,239.29064108193776,997.6711564636762
23_2,23_2_2018,RF,Nmult_0p2,5,0.16000000000000003,155.6747240355108,234.73455766242793,1148.7648324664578
23_2,23_2_2018,RF,Nmult_0p4,5,0.32000000000000006,155.6747240355108,234.73455766242793,1123.856876620776
23_2,23_2_2018,RF,Nmult_0p6,5,0.48,155.6747240355108,234.73455766242793,1098.9489207750944
23_2,23_2_2018,RF,Nmult_0p8,5,0.6400000000000001,155.6747240355108,234.73455766242793,1074.040964929413
23_2,23_2_2018,RF,Nmult_1p0,5,0.8,138.0430895458421,232.41793064356273,1051.65518158114
23_2,23_2_2018,RF,Nmult_1p2,5,0.96,138.0430895458421,232.41793064356273,1029.5682872538052
23_2,23_2_2018,RF,Nmult_1p4,5,1.12,138.0430895458421,232.41793064356273,1007.4813929264704
23_2,23_2_2018,RF,Nmult_1p6,5,1.2800000000000002,138.0430895458421,232.41793064356273,985.3944985991355
23_2,23_2_2018,RF,Nmult_1p8,5,1.4400000000000002,138.0430895458421,232.41793064356273,963.307604271801
23_2,23_2_2018,XGB,Nmult_0p2,5,0.16000000000000003,155.6747240355108,239.61753845214844,1173.1797364150605
23_2,23_2_2018,XGB,Nmult_0p4,5,0.32000000000000006,155.6747240355108,239.61753845214844,1148.2717805693787
23_2,23_2_2018,XGB,Nmult_0p6,5,0.48,155.6747240355108,239.61753845214844,1123.363824723697
23_2,23_2_2018,XGB,Nmult_0p8,5,0.6400000000000001,155.6747240355108,239.61753845214844,1098.4558688780153
23_2,23_2_2018,XGB,Nmult_1p0,5,0.8,155.6747240355108,239.61753845214844,1073.5479130323336
23_2,23_2_2018,XGB,Nmult_1p2,5,0.96,155.6747240355108,239.61753845214844,1048.6399571866518
23_2,23_2_2018,XGB,Nmult_1p4,5,1.12,155.6747240355108,239.61753845214844,1023.73200134097
23_2,23_2_2018,XGB,Nmult_1p6,5,1.2800000000000002,155.6747240355108,239.61753845214844,998.8240454952884
23_2,23_2_2018,XGB,Nmult_1p8,5,1.4400000000000002,155.6747240355108,239.61753845214844,973.9160896496066
23_2,23_2_2020,GAM,Nmult_0p2,5,0.16000000000000003,258.68885066993823,252.1235452141281,1219.2275099634503
23_2,23_2_2020,GAM,Nmult_0p4,5,0.32000000000000006,258.68885066993823,252.1235452141281,1177.8372938562602
23_2,23_2_2020,GAM,Nmult_0p6,5,0.48,258.68885066993823,252.1235452141281,1136.44707774907
23_2,23_2_2020,GAM,Nmult_0p8,5,0.6400000000000001,258.68885066993823,252.1235452141281,1095.05686164188
23_2,23_2_2020,GAM,Nmult_1p0,5,0.8,155.67138829534082,237.76422840206757,1064.284031374065
23_2,23_2_2020,GAM,Nmult_1p2,5,0.96,155.67138829534082,237.76422840206757,1039.3766092468106
23_2,23_2_2020,GAM,Nmult_1p4,5,1.12,155.67138829534082,237.76422840206757,1014.469187119556
23_2,23_2_2020,GAM,Nmult_1p6,5,1.2800000000000002,155.67138829534082,237.76422840206757,989.5617649923016
23_2,23_2_2020,GAM,Nmult_1p8,5,1.4400000000000002,155.67138829534082,237.76422840206757,964.6543428650468
23_2,23_2_2020,RF,Nmult_0p2,5,0.16000000000000003,155.67138829534082,235.36407570646975,1151.9129564050943
23_2,23_2_2020,RF,Nmult_0p4,5,0.32000000000000006,155.67138829534082,235.36407570646975,1127.0055342778398
23_2,23_2_2020,RF,Nmult_0p6,5,0.48,155.67138829534082,235.36407570646975,1102.0981121505854
23_2,23_2_2020,RF,Nmult_0p8,5,0.6400000000000001,155.67138829534082,235.36407570646975,1077.1906900233307
23_2,23_2_2020,RF,Nmult_1p0,5,0.8,155.67138829534082,235.36407570646975,1052.2832678960765
23_2,23_2_2020,RF,Nmult_1p2,5,0.96,155.67138829534082,235.36407570646975,1027.3758457688218
23_2,23_2_2020,RF,Nmult_1p4,5,1.12,155.67138829534082,235.36407570646975,1002.4684236415673
23_2,23_2_2020,RF,Nmult_1p6,5,1.2800000000000002,155.67138829534082,235.36407570646975,977.5610015143128
23_2,23_2_2020,RF,Nmult_1p8,5,1.4400000000000002,155.67138829534082,235.36407570646975,952.653579387058
23_2,23_2_2020,XGB,Nmult_0p2,5,0.16000000000000003,155.67138829534082,241.79373168945312,1184.0612363200112
23_2,23_2_2020,XGB,Nmult_0p4,5,0.32000000000000006,155.67138829534082,241.79373168945312,1159.1538141927565
23_2,23_2_2020,XGB,Nmult_0p6,5,0.48,155.67138829534082,241.79373168945312,1134.246392065502
23_2,23_2_2020,XGB,Nmult_0p8,5,0.6400000000000001,155.67138829534082,241.79373168945312,1109.3389699382474
23_2,23_2_2020,XGB,Nmult_1p0,5,0.8,155.67138829534082,241.79373168945312,1084.431547810993
23_2,23_2_2020,XGB,Nmult_1p2,5,0.96,155.67138829534082,241.79373168945312,1059.5241256837385
23_2,23_2_2020,XGB,Nmult_1p4,5,1.12,155.67138829534082,241.79373168945312,1034.616703556484
23_2,23_2_2020,XGB,Nmult_1p6,5,1.2800000000000002,155.67138829534082,241.79373168945312,1009.7092814292292
23_2,23_2_2020,XGB,Nmult_1p8,5,1.4400000000000002,155.67138829534082,241.79373168945312,984.8018593019748
23_2,23_2_2022,GAM,Nmult_0p2,5,0.16000000000000003,222.044,241.19512928563148,1170.4486064281575
23_2,23_2_2022,GAM,Nmult_0p4,5,0.32000000000000006,222.044,241.19512928563148,1134.9215664281571
23_2,23_2_2022,GAM,Nmult_0p6,5,0.48,147.354,234.3012896989691,1100.7765284948457
23_2,23_2_2022,GAM,Nmult_0p8,5,0.6400000000000001,147.354,234.3012896989691,1077.1998884948457
23_2,23_2_2022,GAM,Nmult_1p0,5,0.8,147.354,234.3012896989691,1053.6232484948457
23_2,23_2_2022,GAM,Nmult_1p2,5,0.96,147.354,234.3012896989691,1030.0466084948455
23_2,23_2_2022,GAM,Nmult_1p4,5,1.12,147.354,234.3012896989691,1006.4699684948456
23_2,23_2_2022,GAM,Nmult_1p6,5,1.2800000000000002,147.354,234.3012896989691,982.8933284948454
23_2,23_2_2022,GAM,Nmult_1p8,5,1.4400000000000002,147.354,234.3012896989691,959.3166884948456
23_2,23_2_2022,RF,Nmult_0p2,5,0.16000000000000003,155.01451282051283,229.8865156079131,1124.6302559882836
23_2,23_2_2022,RF,Nmult_0p4,5,0.32000000000000006,155.01451282051283,229.8865156079131,1099.8279339370015
23_2,23_2_2022,RF,Nmult_0p6,5,0.48,155.01451282051283,229.8865156079131,1075.0256118857196
23_2,23_2_2022,RF,Nmult_0p8,5,0.6400000000000001,155.01451282051283,229.8865156079131,1050.2232898344375
23_2,23_2_2022,RF,Nmult_1p0,5,0.8,155.01451282051283,229.8865156079131,1025.4209677831554
23_2,23_2_2022,RF,Nmult_1p2,5,0.96,155.01451282051283,229.8865156079131,1000.6186457318734
23_2,23_2_2022,RF,Nmult_1p4,5,1.12,155.01451282051283,229.8865156079131,975.8163236805912
23_2,23_2_2022,RF,Nmult_1p6,5,1.2800000000000002,147.354,227.945699175427,951.1153758771349
23_2,23_2_2022,RF,Nmult_1p8,5,1.4400000000000002,147.354,227.945699175427,927.538735877135
23_2,23_2_2022,XGB,Nmult_0p2,5,0.16000000000000003,200.97758974358976,238.96954345703125,1162.6913029261818
23_2,23_2_2022,XGB,Nmult_0p4,5,0.32000000000000006,156.92964102564105,237.41600036621097,1136.8625167028497
23_2,23_2_2022,XGB,Nmult_0p6,5,0.48,156.92964102564105,237.41600036621097,1111.753774138747
23_2,23_2_2022,XGB,Nmult_0p8,5,0.6400000000000001,156.92964102564105,237.41600036621097,1086.6450315746445
23_2,23_2_2022,XGB,Nmult_1p0,5,0.8,156.92964102564105,237.41600036621097,1061.536289010542
23_2,23_2_2022,XGB,Nmult_1p2,5,0.96,156.92964102564105,237.41600036621097,1036.4275464464392
23_2,23_2_2022,XGB,Nmult_1p4,5,1.12,156.92964102564105,237.41600036621097,1011.3188038823369
23_2,23_2_2022,XGB,Nmult_1p6,5,1.2800000000000002,156.92964102564105,237.41600036621097,986.210061318234
23_2,23_2_2022,XGB,Nmult_1p8,5,1.4400000000000002,156.92964102564105,237.41600036621097,961.1013187541316
23_3,23_3_2017,GAM,Nmult_0p2,5,0.16000000000000003,185.61673510397017,234.3577831218049,1142.0902379923891
23_3,23_3_2017,GAM,Nmult_0p4,5,0.32000000000000006,161.18720476058942,233.15799189810903,1114.210053967157
23_3,23_3_2017,GAM,Nmult_0p6,5,0.48,161.18720476058942,233.15799189810903,1088.4201012054623
23_3,23_3_2017,GAM,Nmult_0p8,5,0.6400000000000001,161.18720476058942,233.15799189810903,1062.630148443768
23_3,23_3_2017,GAM,Nmult_1p0,5,0.8,161.18720476058942,233.15799189810903,1036.8401956820735
23_3,23_3_2017,GAM,Nmult_1p2,5,0.96,161.18720476058942,233.15799189810903,1011.0502429203792
23_3,23_3_2017,GAM,Nmult_1p4,5,1.12,161.18720476058942,233.15799189810903,985.2602901586852
23_3,23_3_2017,GAM,Nmult_1p6,5,1.2800000000000002,161.18720476058942,233.15799189810903,959.4703373969908
23_3,23_3_2017,GAM,Nmult_1p8,5,1.4400000000000002,161.18720476058942,233.15799189810903,933.6803846352964
23_3,23_3_2017,RF,Nmult_0p2,5,0.16000000000000003,161.18720476058942,212.46834327763972,1036.5517636265042
23_3,23_3_2017,RF,Nmult_0p4,5,0.32000000000000006,161.18720476058942,212.46834327763972,1010.76181086481
23_3,23_3_2017,RF,Nmult_0p6,5,0.48,161.18720476058942,212.46834327763972,984.9718581031156
23_3,23_3_2017,RF,Nmult_0p8,5,0.6400000000000001,161.18720476058942,212.46834327763972,959.1819053414214
23_3,23_3_2017,RF,Nmult_1p0,5,0.8,161.18720476058942,212.46834327763972,933.3919525797272
23_3,23_3_2017,RF,Nmult_1p2,5,0.96,161.18720476058942,212.46834327763972,907.6019998180328
23_3,23_3_2017,RF,Nmult_1p4,5,1.12,161.18720476058942,212.46834327763972,881.8120470563385
23_3,23_3_2017,RF,Nmult_1p6,5,1.2800000000000002,161.18720476058942,212.46834327763972,856.0220942946441
23_3,23_3_2017,RF,Nmult_1p8,5,1.4400000000000002,161.18720476058942,212.46834327763972,830.2321415329498
23_3,23_3_2017,XGB,Nmult_0p2,5,0.16000000000000003,161.18720476058942,192.28627014160156,935.6413979463136
23_3,23_3_2017,XGB,Nmult_0p4,5,0.32000000000000006,161.18720476058942,192.28627014160156,909.8514451846193
23_3,23_3_2017,XGB,Nmult_0p6,5,0.48,161.18720476058942,192.28627014160156,884.0614924229249
23_3,23_3_2017,XGB,Nmult_0p8,5,0.6400000000000001,161.18720476058942,192.28627014160156,858.2715396612306
23_3,23_3_2017,XGB,Nmult_1p0,5,0.8,161.18720476058942,192.28627014160156,832.4815868995363
23_3,23_3_2017,XGB,Nmult_1p2,5,0.96,161.18720476058942,192.28627014160156,806.6916341378419
23_3,23_3_2017,XGB,Nmult_1p4,5,1.12,161.18720476058942,192.28627014160156,780.9016813761477
23_3,23_3_2017,XGB,Nmult_1p6,5,1.2800000000000002,161.18720476058942,192.28627014160156,755.1117286144533
23_3,23_3_2017,XGB,Nmult_1p8,5,1.4400000000000002,161.18720476058942,192.28627014160156,729.321775852759
23_3,23_3_2019,GAM,Nmult_0p2,5,0.16000000000000003,258.3248759985708,193.4265976653388,925.8010081669228
23_3,23_3_2019,GAM,Nmult_0p4,5,0.32000000000000006,258.3248759985708,193.4265976653388,884.4690280071515
23_3,23_3_2019,GAM,Nmult_0p6,5,0.48,258.3248759985708,193.4265976653388,843.1370478473801
23_3,23_3_2019,GAM,Nmult_0p8,5,0.6400000000000001,258.3248759985708,193.4265976653388,801.8050676876087
23_3,23_3_2019,GAM,Nmult_1p0,5,0.8,212.9929033826539,186.3020286516369,761.1158205520613
23_3,23_3_2019,GAM,Nmult_1p2,5,0.96,190.32691707469553,182.35040552738684,729.0381872452265
23_3,23_3_2019,GAM,Nmult_1p4,5,1.12,161.9944341897475,176.38508525056685,700.4916599603171
23_3,23_3_2019,GAM,Nmult_1p6,5,1.2800000000000002,147.82819274727348,173.17784954482445,676.6691610076122
23_3,23_3_2019,GAM,Nmult_1p8,5,1.4400000000000002,147.82819274727348,173.17784954482445,653.0166501680484
23_3,23_3_2019,RF,Nmult_0p2,5,0.16000000000000003,156.3279376127579,230.0270431255299,1125.1227456096085
23_3,23_3_2019,RF,Nmult_0p4,5,0.32000000000000006,147.82819274727348,229.6376511685143,1100.883234163444
23_3,23_3_2019,RF,Nmult_0p6,5,0.48,147.82819274727348,229.6376511685143,1077.2307233238805
23_3,23_3_2019,RF,Nmult_0p8,5,0.6400000000000001,147.82819274727348,229.6376511685143,1053.5782124843165
23_3,23_3_2019,RF,Nmult_1p0,5,0.8,147.82819274727348,229.6376511685143,1029.9257016447527
23_3,23_3_2019,RF,Nmult_1p2,5,0.96,147.82819274727348,229.6376511685143,1006.2731908051892
23_3,23_3_2019,RF,Nmult_1p4,5,1.12,147.82819274727348,229.6376511685143,982.6206799656252
23_3,23_3_2019,RF,Nmult_1p6,5,1.2800000000000002,147.82819274727348,229.6376511685143,958.9681691260616
23_3,23_3_2019,RF,Nmult_1p8,5,1.4400000000000002,147.82819274727348,229.6376511685143,935.3156582864978
23_3,23_3_2019,XGB,Nmult_0p2,5,0.16000000000000003,156.3279376127579,230.59793090820312,1127.9771845229743
23_3,23_3_2019,XGB,Nmult_0p4,5,0.32000000000000006,156.3279376127579,230.59793090820312,1102.964714504933
23_3,23_3_2019,XGB,Nmult_0p6,5,0.48,156.3279376127579,230.59793090820312,1077.952244486892
23_3,23_3_2019,XGB,Nmult_0p8,5,0.6400000000000001,156.3279376127579,230.59793090820312,1052.9397744688506
23_3,23_3_2019,XGB,Nmult_1p0,5,0.8,156.3279376127579,230.59793090820312,1027.9273044508093
23_3,23_3_2019,XGB,Nmult_1p2,5,0.96,156.3279376127579,230.59793090820312,1002.914834432768
23_3,23_3_2019,XGB,Nmult_1p4,5,1.12,156.3279376127579,230.59793090820312,977.9023644147268
23_3,23_3_2019,XGB,Nmult_1p6,5,1.2800000000000002,156.3279376127579,230.59793090820312,952.8898943966856
23_3,23_3_2019,XGB,Nmult_1p8,5,1.4400000000000002,156.3279376127579,230.59793090820312,927.8774243786444
23_3,23_3_2021,GAM,Nmult_0p2,5,0.16000000000000003,204.1225712844965,212.80654891453156,1031.3731331671383
23_3,23_3_2021,GAM,Nmult_0p4,5,0.32000000000000006,201.25216798603063,212.6441001090305,998.8198067896226
23_3,23_3_2021,GAM,Nmult_0p6,5,0.48,201.25216798603063,212.6441001090305,966.6194599118576
23_3,23_3_2021,GAM,Nmult_0p8,5,0.6400000000000001,198.3817646875648,212.35843700341997,934.8278556170584
23_3,23_3_2021,GAM,Nmult_1p0,5,0.8,195.51136138909897,211.92906523702007,903.2362370738211
23_3,23_3_2021,GAM,Nmult_1p2,5,0.96,195.51136138909897,211.92906523702007,871.9544192515655
23_3,23_3_2021,GAM,Nmult_1p4,5,1.12,192.6409580906331,211.34212757761972,840.9527648265895
23_3,23_3_2021,GAM,Nmult_1p6,5,1.2800000000000002,189.7705547921672,210.613919414782,810.1632869399357
23_3,23_3_2021,GAM,Nmult_1p8,5,1.4400000000000002,189.7705547921672,210.613919414782,779.7999981731889
23_3,23_3_2021,RF,Nmult_0p2,5,0.16000000000000003,155.32571521057702,227.0083301172807,1110.1895361527113
23_3,23_3_2021,RF,Nmult_0p4,5,0.32000000000000006,146.71450531517945,226.61893816026523,1086.1460491004686
23_3,23_3_2021,RF,Nmult_0p6,5,0.48,146.71450531517945,226.61893816026523,1062.67172825004
23_3,23_3_2021,RF,Nmult_0p8,5,0.6400000000000001,146.71450531517945,226.61893816026523,1039.1974073996112
23_3,23_3_2021,RF,Nmult_1p0,5,0.8,146.71450531517945,226.61893816026523,1015.7230865491824
23_3,23_3_2021,RF,Nmult_1p2,5,0.96,146.71450531517945,226.61893816026523,992.248765698754
23_3,23_3_2021,RF,Nmult_1p4,5,1.12,146.71450531517945,226.61893816026523,968.7744448483252
23_3,23_3_2021,RF,Nmult_1p6,5,1.2800000000000002,146.71450531517945,226.61893816026523,945.3001239978964
23_3,23_3_2021,RF,Nmult_1p8,5,1.4400000000000002,146.71450531517945,226.61893816026523,921.8258031474676
23_3,23_3_2021,XGB,Nmult_0p2,5,0.16000000000000003,189.7705547921672,227.1382293701172,1105.3278580838391
23_3,23_3_2021,XGB,Nmult_0p4,5,0.32000000000000006,155.32571521057702,225.8666076660156,1079.6288094626934
23_3,23_3_2021,XGB,Nmult_0p6,5,0.48,155.32571521057702,225.8666076660156,1054.776695029001
23_3,23_3_2021,XGB,Nmult_0p8,5,0.6400000000000001,155.32571521057702,225.8666076660156,1029.9245805953087
23_3,23_3_2021,XGB,Nmult_1p0,5,0.8,155.32571521057702,225.8666076660156,1005.0724661616164
23_3,23_3_2021,XGB,Nmult_1p2,5,0.96,155.32571521057702,225.8666076660156,980.2203517279244
23_3,23_3_2021,XGB,Nmult_1p4,5,1.12,155.32571521057702,225.8666076660156,955.368237294232
23_3,23_3_2021,XGB,Nmult_1p6,5,1.2800000000000002,155.32571521057702,225.8666076660156,930.5161228605396
23_3,23_3_2021,XGB,Nmult_1p8,5,1.4400000000000002,155.32571521057702,225.8666076660156,905.6640084268472
28_5,28_5_2018,GAM,Nmult_0p2,5,0.16000000000000003,224.86102893610197,248.92733062844263,1208.658888512437
28_5,28_5_2018,GAM,Nmult_0p4,5,0.32000000000000006,224.86102893610197,248.92733062844263,1172.6811238826608
28_5,28_5_2018,GAM,Nmult_0p6,5,0.48,118.02213937054734,240.2126764615344,1144.412755409809
28_5,28_5_2018,GAM,Nmult_0p8,5,0.6400000000000001,118.02213937054734,240.2126764615344,1125.5292131105216
28_5,28_5_2018,GAM,Nmult_1p0,5,0.8,118.02213937054734,240.2126764615344,1106.645670811234
28_5,28_5_2018,GAM,Nmult_1p2,5,0.96,118.02213937054734,240.2126764615344,1087.7621285119465
28_5,28_5_2018,GAM,Nmult_1p4,5,1.12,118.02213937054734,240.2126764615344,1068.8785862126588
28_5,28_5_2018,GAM,Nmult_1p6,5,1.2800000000000002,118.02213937054734,240.2126764615344,1049.995043913371
28_5,28_5_2018,GAM,Nmult_1p8,5,1.4400000000000002,118.02213937054734,240.2126764615344,1031.1115016140836
28_5,28_5_2018,RF,Nmult_0p2,5,0.16000000000000003,159.37912887979428,228.8379330087949,1118.6890044232073
28_5,28_5_2018,RF,Nmult_0p4,5,0.32000000000000006,90.45081303104938,226.10807829803508,1101.5961313202397
28_5,28_5_2018,RF,Nmult_0p6,5,0.48,90.45081303104938,226.10807829803508,1087.1240012352716
28_5,28_5_2018,RF,Nmult_0p8,5,0.6400000000000001,90.45081303104938,226.10807829803508,1072.6518711503038
28_5,28_5_2018,RF,Nmult_1p0,5,0.8,90.45081303104938,226.10807829803508,1058.1797410653355
28_5,28_5_2018,RF,Nmult_1p2,5,0.96,90.45081303104938,226.10807829803508,1043.707610980368
28_5,28_5_2018,RF,Nmult_1p4,5,1.12,90.45081303104938,226.10807829803508,1029.2354808954
28_5,28_5_2018,RF,Nmult_1p6,5,1.2800000000000002,90.45081303104938,226.10807829803508,1014.763350810432
28_5,28_5_2018,RF,Nmult_1p8,5,1.4400000000000002,90.45081303104938,226.10807829803508,1000.2912207254642
28_5,28_5_2018,XGB,Nmult_0p2,5,0.16000000000000003,155.93271308735703,229.13172912597656,1120.7094115359057
28_5,28_5_2018,XGB,Nmult_0p4,5,0.32000000000000006,155.93271308735703,229.13172912597656,1095.7601774419286
28_5,28_5_2018,XGB,Nmult_0p6,5,0.48,155.93271308735703,229.13172912597656,1070.8109433479517
28_5,28_5_2018,XGB,Nmult_0p8,5,0.6400000000000001,155.93271308735703,229.13172912597656,1045.8617092539744
28_5,28_5_2018,XGB,Nmult_1p0,5,0.8,90.45081303104938,220.58514404296875,1030.565069790004
28_5,28_5_2018,XGB,Nmult_1p2,5,0.96,90.45081303104938,220.58514404296875,1016.0929397050364
28_5,28_5_2018,XGB,Nmult_1p4,5,1.12,90.45081303104938,220.58514404296875,1001.6208096200684
28_5,28_5_2018,XGB,Nmult_1p6,5,1.2800000000000002,90.45081303104938,220.58514404296875,987.1486795351004
28_5,28_5_2018,XGB,Nmult_1p8,5,1.4400000000000002,90.45081303104938,220.58514404296875,972.6765494501326
28_5,28_5_2020,GAM,Nmult_0p2,5,0.16000000000000003,227.30559802386975,231.3090102638338,1120.17615563535
28_5,28_5_2020,GAM,Nmult_0p4,5,0.32000000000000006,223.6817705270496,231.1319849832691,1084.0817583476896
28_5,28_5_2020,GAM,Nmult_0p6,5,0.48,216.4341155334092,230.53449024269855,1048.7840757574563
28_5,28_5_2020,GAM,Nmult_0p8,5,0.6400000000000001,212.810288036589,230.0918894936527,1014.2608631248464
28_5,28_5_2020,GAM,Nmult_1p0,5,0.8,158.45287558428615,222.65264462099736,986.5009226375578
28_5,28_5_2020,GAM,Nmult_1p2,5,0.96,154.82904808746596,222.0552829247354,961.6405284597096
28_5,28_5_2020,GAM,Nmult_1p4,5,1.12,151.20522059064578,221.25710985881045,936.935702232529
28_5,28_5_2020,GAM,Nmult_1p6,5,1.2800000000000002,151.20522059064578,221.25710985881045,912.7428669380256
28_5,28_5_2020,GAM,Nmult_1p8,5,1.4400000000000002,147.58139309382557,220.27355545840172,888.8505712368999
28_5,28_5_2020,RF,Nmult_0p2,5,0.16000000000000003,158.45287558428615,230.33685804910112,1126.3318301520196
28_5,28_5_2020,RF,Nmult_0p4,5,0.32000000000000006,107.71929062880348,227.60700333834137,1103.5648436904896
28_5,28_5_2020,RF,Nmult_0p6,5,0.48,107.71929062880348,227.60700333834137,1086.329757189881
28_5,28_5_2020,RF,Nmult_0p8,5,0.6400000000000001,107.71929062880348,227.60700333834137,1069.0946706892723
28_5,28_5_2020,RF,Nmult_1p0,5,0.8,107.71929062880348,227.60700333834137,1051.8595841886638
28_5,28_5_2020,RF,Nmult_1p2,5,0.96,107.71929062880348,227.60700333834137,1034.6244976880553
28_5,28_5_2020,RF,Nmult_1p4,5,1.12,107.71929062880348,227.60700333834137,1017.3894111874469
28_5,28_5_2020,RF,Nmult_1p6,5,1.2800000000000002,107.71929062880348,227.60700333834137,1000.1543246868382
28_5,28_5_2020,RF,Nmult_1p8,5,1.4400000000000002,107.71929062880348,227.60700333834137,982.9192381862296
28_5,28_5_2020,XGB,Nmult_0p2,5,0.16000000000000003,158.45287558428615,236.65554809570312,1157.9252803850295
28_5,28_5_2020,XGB,Nmult_0p4,5,0.32000000000000006,158.45287558428615,236.65554809570312,1132.572820291544
28_5,28_5_2020,XGB,Nmult_0p6,5,0.48,158.45287558428615,236.65554809570312,1107.2203601980582
28_5,28_5_2020,XGB,Nmult_0p8,5,0.6400000000000001,158.45287558428615,236.65554809570312,1081.8679001045723
28_5,28_5_2020,XGB,Nmult_1p0,5,0.8,158.45287558428615,236.65554809570312,1056.5154400110866
28_5,28_5_2020,XGB,Nmult_1p2,5,0.96,107.71929062880348,227.29965209960935,1033.0877414943957
28_5,28_5_2020,XGB,Nmult_1p4,5,1.12,107.71929062880348,227.29965209960935,1015.8526549937868
28_5,28_5_2020,XGB,Nmult_1p6,5,1.2800000000000002,107.71929062880348,227.29965209960935,998.6175684931784
28_5,28_5_2020,XGB,Nmult_1p8,5,1.4400000000000002,107.71929062880348,227.29965209960935,981.38248199257
28_5,28_5_2022,GAM,Nmult_0p2,5,0.16000000000000003,182.06033398718984,267.8440151707299,1310.090422415699
28_5,28_5_2022,GAM,Nmult_0p4,5,0.32000000000000006,178.86557689898967,267.6678095514124,1281.1020631493852
28_5,28_5_2022,GAM,Nmult_0p6,5,0.48,178.86557689898967,267.6678095514124,1252.4835708455469
28_5,28_5_2022,GAM,Nmult_0p8,5,0.6400000000000001,178.86557689898967,267.6678095514124,1223.8650785417085
28_5,28_5_2022,GAM,Nmult_1p0,5,0.8,175.67081981078945,267.2449360776241,1195.6880245394889
28_5,28_5_2022,GAM,Nmult_1p2,5,0.96,175.67081981078945,267.2449360776241,1167.580693369763
28_5,28_5_2022,GAM,Nmult_1p4,5,1.12,172.47606272258923,266.60676217602605,1139.8606206308302
28_5,28_5_2022,GAM,Nmult_1p6,5,1.2800000000000002,169.28130563438904,265.8042009384791,1112.340933480377
28_5,28_5_2022,GAM,Nmult_1p8,5,1.4400000000000002,134.13897766418674,256.45966853489307,1089.1382148380364
28_5,28_5_2022,RF,Nmult_0p2,5,0.16000000000000003,159.6970343697884,231.15463443513093,1130.2216466764885
28_5,28_5_2022,RF,Nmult_0p4,5,0.32000000000000006,143.72324892878737,230.57779652246293,1106.8975429551028
28_5,28_5_2022,RF,Nmult_0p6,5,0.48,134.13897766418674,229.828449003113,1084.7555357367555
28_5,28_5_2022,RF,Nmult_0p8,5,0.6400000000000001,134.13897766418674,229.828449003113,1063.2932993104855
28_5,28_5_2022,RF,Nmult_1p0,5,0.8,134.13897766418674,229.828449003113,1041.8310628842155
28_5,28_5_2022,RF,Nmult_1p2,5,0.96,134.13897766418674,229.828449003113,1020.3688264579458
28_5,28_5_2022,RF,Nmult_1p4,5,1.12,134.13897766418674,229.828449003113,998.906590031676
28_5,28_5_2022,RF,Nmult_1p6,5,1.2800000000000002,134.13897766418674,229.828449003113,977.444353605406
28_5,28_5_2022,RF,Nmult_1p8,5,1.4400000000000002,134.13897766418674,229.828449003113,955.982117179136
28_5,28_5_2022,XGB,Nmult_0p2,5,0.16000000000000003,156.5022772815882,233.9226226806641,1144.5727490382662
28_5,28_5_2022,XGB,Nmult_0p4,5,0.32000000000000006,156.5022772815882,233.9226226806641,1119.5323846732122
28_5,28_5_2022,XGB,Nmult_0p6,5,0.48,156.5022772815882,233.9226226806641,1094.492020308158
28_5,28_5_2022,XGB,Nmult_0p8,5,0.6400000000000001,156.5022772815882,233.9226226806641,1069.4516559431038
28_5,28_5_2022,XGB,Nmult_1p0,5,0.8,156.5022772815882,233.9226226806641,1044.4112915780497
28_5,28_5_2022,XGB,Nmult_1p2,5,0.96,156.5022772815882,233.9226226806641,1019.3709272129956
28_5,28_5_2022,XGB,Nmult_1p4,5,1.12,140.52849184058715,230.4031982421875,994.62408034948
28_5,28_5_2022,XGB,Nmult_1p6,5,1.2800000000000002,140.52849184058715,230.4031982421875,972.139521654986
28_5,28_5_2022,XGB,Nmult_1p8,5,1.4400000000000002,140.52849184058715,230.4031982421875,949.654962960492
36_3,36_3_2016,GAM,Nmult_0p2,5,0.16000000000000003,160,229.6496488685984,1122.648244342992
36_3,36_3_2016,GAM,Nmult_0p4,5,0.32000000000000006,160,229.6496488685984,1097.048244342992
36_3,36_3_2016,GAM,Nmult_0p6,5,0.48,160,229.6496488685984,1071.448244342992
36_3,36_3_2016,GAM,Nmult_0p8,5,0.6400000000000001,160,229.6496488685984,1045.8482443429918
36_3,36_3_2016,GAM,Nmult_1p0,5,0.8,160,229.6496488685984,1020.248244342992
36_3,36_3_2016,GAM,Nmult_1p2,5,0.96,160,229.6496488685984,994.648244342992
36_3,36_3_2016,GAM,Nmult_1p4,5,1.12,160,229.6496488685984,969.048244342992
36_3,36_3_2016,GAM,Nmult_1p6,5,1.2800000000000002,160,229.6496488685984,943.448244342992
36_3,36_3_2016,GAM,Nmult_1p8,5,1.4400000000000002,160,229.6496488685984,917.8482443429918
36_3,36_3_2016,RF,Nmult_0p2,5,0.16000000000000003,160,233.20021760698808,1140.4010880349406
36_3,36_3_2016,RF,Nmult_0p4,5,0.32000000000000006,160,233.20021760698808,1114.8010880349404
36_3,36_3_2016,RF,Nmult_0p6,5,0.48,160,233.20021760698808,1089.2010880349403
36_3,36_3_2016,RF,Nmult_0p8,5,0.6400000000000001,160,233.20021760698808,1063.6010880349404
36_3,36_3_2016,RF,Nmult_1p0,5,0.8,160,233.20021760698808,1038.0010880349405
36_3,36_3_2016,RF,Nmult_1p2,5,0.96,160,233.20021760698808,1012.4010880349404
36_3,36_3_2016,RF,Nmult_1p4,5,1.12,160,233.20021760698808,986.8010880349404
36_3,36_3_2016,RF,Nmult_1p6,5,1.2800000000000002,160,233.20021760698808,961.2010880349404
36_3,36_3_2016,RF,Nmult_1p8,5,1.4400000000000002,160,233.20021760698808,935.6010880349404
36_3,36_3_2016,XGB,Nmult_0p2,5,0.16000000000000003,160,236.524658203125,1157.023291015625
36_3,36_3_2016,XGB,Nmult_0p4,5,0.32000000000000006,160,236.524658203125,1131.423291015625
36_3,36_3_2016,XGB,Nmult_0p6,5,0.48,160,236.524658203125,1105.823291015625
36_3,36_3_2016,XGB,Nmult_0p8,5,0.6400000000000001,160,236.524658203125,1080.223291015625
36_3,36_3_2016,XGB,Nmult_1p0,5,0.8,160,236.524658203125,1054.623291015625
36_3,36_3_2016,XGB,Nmult_1p2,5,0.96,160,236.524658203125,1029.023291015625
36_3,36_3_2016,XGB,Nmult_1p4,5,1.12,160,236.524658203125,1003.423291015625
36_3,36_3_2016,XGB,Nmult_1p6,5,1.2800000000000002,160,236.524658203125,977.8232910156248
36_3,36_3_2016,XGB,Nmult_1p8,5,1.4400000000000002,160,236.524658203125,952.2232910156248
36_3,36_3_2018,GAM,Nmult_0p2,5,0.16000000000000003,204.55354256410257,266.7562540758842,1301.0527035691648
36_3,36_3_2018,GAM,Nmult_0p4,5,0.32000000000000006,203.73386769230768,266.72923425224064,1268.4513335996646
36_3,36_3_2018,GAM,Nmult_0p6,5,0.48,203.73386769230768,266.72923425224064,1235.8539147688955
36_3,36_3_2018,GAM,Nmult_0p8,5,0.6400000000000001,203.73386769230768,266.72923425224064,1203.256495938126
36_3,36_3_2018,GAM,Nmult_1p0,5,0.8,203.73386769230768,266.72923425224064,1170.659077107357
36_3,36_3_2018,GAM,Nmult_1p2,5,0.96,203.73386769230768,266.72923425224064,1138.0616582765877
36_3,36_3_2018,GAM,Nmult_1p4,5,1.12,203.73386769230768,266.72923425224064,1105.4642394458183
36_3,36_3_2018,GAM,Nmult_1p6,5,1.2800000000000002,203.73386769230768,266.72923425224064,1072.8668206150492
36_3,36_3_2018,GAM,Nmult_1p8,5,1.4400000000000002,203.73386769230768,266.72923425224064,1040.26940178428
36_3,36_3_2018,RF,Nmult_0p2,5,0.16000000000000003,189.79939487179485,226.5438378116017,1102.3512858785211
36_3,36_3_2018,RF,Nmult_0p4,5,0.32000000000000006,189.79939487179485,226.5438378116017,1071.983382699034
36_3,36_3_2018,RF,Nmult_0p6,5,0.48,189.79939487179485,226.5438378116017,1041.6154795195469
36_3,36_3_2018,RF,Nmult_0p8,5,0.6400000000000001,189.79939487179485,226.5438378116017,1011.2475763400596
36_3,36_3_2018,RF,Nmult_1p0,5,0.8,189.79939487179485,226.5438378116017,980.8796731605726
36_3,36_3_2018,RF,Nmult_1p2,5,0.96,189.79939487179485,226.5438378116017,950.5117699810852
36_3,36_3_2018,RF,Nmult_1p4,5,1.12,189.79939487179485,226.5438378116017,920.1438668015982
36_3,36_3_2018,RF,Nmult_1p6,5,1.2800000000000002,189.79939487179485,226.5438378116017,889.7759636221109
36_3,36_3_2018,RF,Nmult_1p8,5,1.4400000000000002,188.97972,226.3138551645152,859.4384790225762
36_3,36_3_2018,XGB,Nmult_0p2,5,0.16000000000000003,188.97972,231.22515869140625,1125.8890382570312
36_3,36_3_2018,XGB,Nmult_0p4,5,0.32000000000000006,188.97972,231.22515869140625,1095.6522830570311
36_3,36_3_2018,XGB,Nmult_0p6,5,0.48,188.97972,231.22515869140625,1065.4155278570313
36_3,36_3_2018,XGB,Nmult_0p8,5,0.6400000000000001,188.97972,231.22515869140625,1035.1787726570312
36_3,36_3_2018,XGB,Nmult_1p0,5,0.8,188.97972,231.22515869140625,1004.9420174570312
36_3,36_3_2018,XGB,Nmult_1p2,5,0.96,188.97972,231.22515869140625,974.7052622570312
36_3,36_3_2018,XGB,Nmult_1p4,5,1.12,188.97972,231.22515869140625,944.4685070570312
36_3,36_3_2018,XGB,Nmult_1p6,5,1.2800000000000002,188.97972,231.22515869140625,914.2317518570312
36_3,36_3_2018,XGB,Nmult_1p8,5,1.4400000000000002,188.97972,231.22515869140625,883.9949966570313
36_3,36_3_2020,GAM,Nmult_0p2,5,0.16000000000000003,258.71953083139,249.64805101313135,1206.8451301326345
36_3,36_3_2020,GAM,Nmult_0p4,5,0.32000000000000006,229.698067317862,248.2287146757841,1167.6401918372044
36_3,36_3_2020,GAM,Nmult_0p6,5,0.48,219.1448078583973,247.3979215658983,1131.800100057461
36_3,36_3_2020,GAM,Nmult_0p8,5,0.6400000000000001,205.9532335340664,245.89532519281536,1097.6665565022745
36_3,36_3_2020,GAM,Nmult_1p0,5,0.8,190.12334434486928,243.56476110546876,1065.7251300514486
36_3,36_3_2020,GAM,Nmult_1p2,5,0.96,155.82525110160893,237.45949271049963,1037.7052224949537
36_3,36_3_2020,GAM,Nmult_1p4,5,1.12,155.82525110160893,237.45949271049963,1012.7731823186962
36_3,36_3_2020,GAM,Nmult_1p6,5,1.2800000000000002,155.82525110160893,237.45949271049963,987.8411421424388
36_3,36_3_2020,GAM,Nmult_1p8,5,1.4400000000000002,155.82525110160893,237.45949271049963,962.9091019661812
36_3,36_3_2020,RF,Nmult_0p2,5,0.16000000000000003,155.82525110160893,235.8511507394987,1154.323713521236
36_3,36_3_2020,RF,Nmult_0p4,5,0.32000000000000006,155.82525110160893,235.8511507394987,1129.3916733449785
36_3,36_3_2020,RF,Nmult_0p6,5,0.48,155.82525110160893,235.8511507394987,1104.4596331687212
36_3,36_3_2020,RF,Nmult_0p8,5,0.6400000000000001,155.82525110160893,235.8511507394987,1079.5275929924635
36_3,36_3_2020,RF,Nmult_1p0,5,0.8,155.82525110160893,235.8511507394987,1054.5955528162062
36_3,36_3_2020,RF,Nmult_1p2,5,0.96,155.82525110160893,235.8511507394987,1029.663512639949
36_3,36_3_2020,RF,Nmult_1p4,5,1.12,155.82525110160893,235.8511507394987,1004.7314724636916
36_3,36_3_2020,RF,Nmult_1p6,5,1.2800000000000002,155.82525110160893,235.8511507394987,979.799432287434
36_3,36_3_2020,RF,Nmult_1p8,5,1.4400000000000002,155.82525110160893,235.8511507394987,954.8673921111764
36_3,36_3_2020,XGB,Nmult_0p2,5,0.16000000000000003,155.82525110160893,242.017578125,1185.1558504487425
36_3,36_3_2020,XGB,Nmult_0p4,5,0.32000000000000006,155.82525110160893,242.017578125,1160.223810272485
36_3,36_3_2020,XGB,Nmult_0p6,5,0.48,155.82525110160893,242.017578125,1135.2917700962278
36_3,36_3_2020,XGB,Nmult_0p8,5,0.6400000000000001,155.82525110160893,242.017578125,1110.3597299199705
36_3,36_3_2020,XGB,Nmult_1p0,5,0.8,155.82525110160893,242.017578125,1085.4276897437128
36_3,36_3_2020,XGB,Nmult_1p2,5,0.96,155.82525110160893,242.017578125,1060.4956495674555
36_3,36_3_2020,XGB,Nmult_1p4,5,1.12,155.82525110160893,242.017578125,1035.563609391198
36_3,36_3_2020,XGB,Nmult_1p6,5,1.2800000000000002,155.82525110160893,242.017578125,1010.6315692149406
36_3,36_3_2020,XGB,Nmult_1p8,5,1.4400000000000002,155.82525110160893,242.017578125,985.6995290386832
3_1,3_1_2016,GAM,Nmult_0p2,5,0.16000000000000003,166.15384615384616,153.87195578717177,742.7751635512435
3_1,3_1_2016,GAM,Nmult_0p4,5,0.32000000000000006,166.15384615384616,153.87195578717177,716.1905481666281
3_1,3_1_2016,GAM,Nmult_0p6,5,0.48,166.15384615384616,153.87195578717177,689.6059327820128
3_1,3_1_2016,GAM,Nmult_0p8,5,0.6400000000000001,166.15384615384616,153.87195578717177,663.0213173973973
3_1,3_1_2016,GAM,Nmult_1p0,5,0.8,166.15384615384616,153.87195578717177,636.436702012782
3_1,3_1_2016,GAM,Nmult_1p2,5,0.96,166.15384615384616,153.87195578717177,609.8520866281666
3_1,3_1_2016,GAM,Nmult_1p4,5,1.12,166.15384615384616,153.87195578717177,583.2674712435512
3_1,3_1_2016,GAM,Nmult_1p6,5,1.2800000000000002,166.15384615384616,153.87195578717177,556.6828558589358
3_1,3_1_2016,GAM,Nmult_1p8,5,1.4400000000000002,166.15384615384616,153.87195578717177,530.0982404743204
3_1,3_1_2016,RF,Nmult_0p2,5,0.16000000000000003,155.38461538461536,167.8748187121185,814.512555099054
3_1,3_1_2016,RF,Nmult_0p4,5,0.32000000000000006,155.38461538461536,167.8748187121185,789.6510166375155
3_1,3_1_2016,RF,Nmult_0p6,5,0.48,155.38461538461536,167.8748187121185,764.789478175977
3_1,3_1_2016,RF,Nmult_0p8,5,0.6400000000000001,155.38461538461536,167.8748187121185,739.9279397144386
3_1,3_1_2016,RF,Nmult_1p0,5,0.8,155.38461538461536,167.8748187121185,715.0664012529002
3_1,3_1_2016,RF,Nmult_1p2,5,0.96,155.38461538461536,167.8748187121185,690.2048627913616
3_1,3_1_2016,RF,Nmult_1p4,5,1.12,155.38461538461536,167.8748187121185,665.3433243298232
3_1,3_1_2016,RF,Nmult_1p6,5,1.2800000000000002,155.38461538461536,167.8748187121185,640.4817858682848
3_1,3_1_2016,RF,Nmult_1p8,5,1.4400000000000002,155.38461538461536,167.8748187121185,615.6202474067463
3_1,3_1_2016,XGB,Nmult_0p2,5,0.16000000000000003,189.23076923076923,157.96139526367188,759.5300532414362
3_1,3_1_2016,XGB,Nmult_0p4,5,0.32000000000000006,155.38461538461536,156.84164428710938,734.4851445124699
3_1,3_1_2016,XGB,Nmult_0p6,5,0.48,155.38461538461536,156.84164428710938,709.6236060509315
3_1,3_1_2016,XGB,Nmult_0p8,5,0.6400000000000001,155.38461538461536,156.84164428710938,684.762067589393
3_1,3_1_2016,XGB,Nmult_1p0,5,0.8,155.38461538461536,156.84164428710938,659.9005291278546
3_1,3_1_2016,XGB,Nmult_1p2,5,0.96,155.38461538461536,156.84164428710938,635.0389906663161
3_1,3_1_2016,XGB,Nmult_1p4,5,1.12,155.38461538461536,156.84164428710938,610.1774522047776
3_1,3_1_2016,XGB,Nmult_1p6,5,1.2800000000000002,155.38461538461536,156.84164428710938,585.3159137432392
3_1,3_1_2016,XGB,Nmult_1p8,5,1.4400000000000002,155.38461538461536,156.84164428710938,560.4543752817008
3_1,3_1_2018,GAM,Nmult_0p2,5,0.16000000000000003,207.18048991594765,196.32200669295864,948.4611550782416
3_1,3_1_2018,GAM,Nmult_0p4,5,0.32000000000000006,207.18048991594765,196.32200669295864,915.31227669169
3_1,3_1_2018,GAM,Nmult_0p6,5,0.48,207.18048991594765,196.32200669295864,882.1633983051383
3_1,3_1_2018,GAM,Nmult_0p8,5,0.6400000000000001,207.18048991594765,196.32200669295864,849.0145199185868
3_1,3_1_2018,GAM,Nmult_1p0,5,0.8,207.18048991594765,196.32200669295864,815.865641532035
3_1,3_1_2018,GAM,Nmult_1p2,5,0.96,207.18048991594765,196.32200669295864,782.7167631454835
3_1,3_1_2018,GAM,Nmult_1p4,5,1.12,207.18048991594765,196.32200669295864,749.5678847589319
3_1,3_1_2018,GAM,Nmult_1p6,5,1.2800000000000002,207.18048991594765,196.32200669295864,716.4190063723802
3_1,3_1_2018,GAM,Nmult_1p8,5,1.4400000000000002,207.18048991594765,196.32200669295864,683.2701279858286
3_1,3_1_2018,RF,Nmult_0p2,5,0.16000000000000003,156.59640352258916,173.2866582326513,841.3778665996422
3_1,3_1_2018,RF,Nmult_0p4,5,0.32000000000000006,156.59640352258916,173.2866582326513,816.3224420360278
3_1,3_1_2018,RF,Nmult_0p6,5,0.48,156.59640352258916,173.2866582326513,791.2670174724136
3_1,3_1_2018,RF,Nmult_0p8,5,0.6400000000000001,156.59640352258916,173.2866582326513,766.2115929087993
3_1,3_1_2018,RF,Nmult_1p0,5,0.8,156.59640352258916,173.2866582326513,741.156168345185
3_1,3_1_2018,RF,Nmult_1p2,5,0.96,156.59640352258916,173.2866582326513,716.1007437815708
3_1,3_1_2018,RF,Nmult_1p4,5,1.12,143.54244574365794,170.7657395372189,693.0611584531977
3_1,3_1_2018,RF,Nmult_1p6,5,1.2800000000000002,143.54244574365794,170.7657395372189,670.0943671342123
3_1,3_1_2018,RF,Nmult_1p8,5,1.4400000000000002,143.54244574365794,170.7657395372189,647.1275758152271
3_1,3_1_2018,XGB,Nmult_0p2,5,0.16000000000000003,189.2312979699172,179.89039611816406,869.1749729156336
3_1,3_1_2018,XGB,Nmult_0p4,5,0.32000000000000006,189.2312979699172,179.89039611816406,838.8979652404468
3_1,3_1_2018,XGB,Nmult_0p6,5,0.48,156.59640352258916,177.70924377441406,813.3799451812275
3_1,3_1_2018,XGB,Nmult_0p8,5,0.6400000000000001,156.59640352258916,177.70924377441406,788.3245206176132
3_1,3_1_2018,XGB,Nmult_1p0,5,0.8,156.59640352258916,177.70924377441406,763.269096053999
3_1,3_1_2018,XGB,Nmult_1p2,5,0.96,156.59640352258916,177.70924377441406,738.2136714903847
3_1,3_1_2018,XGB,Nmult_1p4,5,1.12,156.59640352258916,177.70924377441406,713.1582469267705
3_1,3_1_2018,XGB,Nmult_1p6,5,1.2800000000000002,156.59640352258916,177.70924377441406,688.1028223631562
3_1,3_1_2018,XGB,Nmult_1p8,5,1.4400000000000002,156.59640352258916,177.70924377441406,663.0473977995418
3_1,3_1_2020,GAM,Nmult_0p2,5,0.16000000000000003,258.2987689052612,152.76599230614755,722.502158505896
3_1,3_1_2020,GAM,Nmult_0p4,5,0.32000000000000006,258.2987689052612,152.76599230614755,681.1743554810542
3_1,3_1_2020,GAM,Nmult_0p6,5,0.48,258.2987689052612,152.76599230614755,639.8465524562124
3_1,3_1_2020,GAM,Nmult_0p8,5,0.6400000000000001,258.2987689052612,152.76599230614755,598.5187494313706
3_1,3_1_2020,GAM,Nmult_1p0,5,0.8,115.68653089918833,132.58703076003738,570.3859290808361
3_1,3_1_2020,GAM,Nmult_1p2,5,0.96,115.68653089918833,132.58703076003738,551.876084136966
3_1,3_1_2020,GAM,Nmult_1p4,5,1.12,115.68653089918833,132.58703076003738,533.3662391930959
3_1,3_1_2020,GAM,Nmult_1p6,5,1.2800000000000002,115.68653089918833,132.58703076003738,514.8563942492258
3_1,3_1_2020,GAM,Nmult_1p8,5,1.4400000000000002,115.68653089918833,132.58703076003738,496.34654930535567
3_1,3_1_2020,RF,Nmult_0p2,5,0.16000000000000003,115.68653089918833,184.81229475821823,905.5516288472212
3_1,3_1_2020,RF,Nmult_0p4,5,0.32000000000000006,115.68653089918833,184.81229475821823,887.0417839033511
3_1,3_1_2020,RF,Nmult_0p6,5,0.48,115.68653089918833,184.81229475821823,868.531938959481
3_1,3_1_2020,RF,Nmult_0p8,5,0.6400000000000001,115.68653089918833,184.81229475821823,850.0220940156107
3_1,3_1_2020,RF,Nmult_1p0,5,0.8,115.68653089918833,184.81229475821823,831.5122490717406
3_1,3_1_2020,RF,Nmult_1p2,5,0.96,115.68653089918833,184.81229475821823,813.0024041278705
3_1,3_1_2020,RF,Nmult_1p4,5,1.12,115.68653089918833,184.81229475821823,794.4925591840004
3_1,3_1_2020,RF,Nmult_1p6,5,1.2800000000000002,115.68653089918833,184.81229475821823,775.9827142401302
3_1,3_1_2020,RF,Nmult_1p8,5,1.4400000000000002,115.68653089918833,184.81229475821823,757.4728692962601
3_1,3_1_2020,XGB,Nmult_0p2,5,0.16000000000000003,155.91049546500375,178.8226318359375,869.1674799052869
3_1,3_1_2020,XGB,Nmult_0p4,5,0.32000000000000006,155.91049546500375,178.8226318359375,844.2218006308863
3_1,3_1_2020,XGB,Nmult_0p6,5,0.48,155.91049546500375,178.8226318359375,819.2761213564856
3_1,3_1_2020,XGB,Nmult_0p8,5,0.6400000000000001,155.91049546500375,178.8226318359375,794.330442082085
3_1,3_1_2020,XGB,Nmult_1p0,5,0.8,155.91049546500375,178.8226318359375,769.3847628076845
3_1,3_1_2020,XGB,Nmult_1p2,5,0.96,155.91049546500375,178.8226318359375,744.4390835332839
3_1,3_1_2020,XGB,Nmult_1p4,5,1.12,115.68653089918833,169.9342041015625,720.1021059007217
3_1,3_1_2020,XGB,Nmult_1p6,5,1.2800000000000002,115.68653089918833,169.9342041015625,701.5922609568514
3_1,3_1_2020,XGB,Nmult_1p8,5,1.4400000000000002,115.68653089918833,169.9342041015625,683.0824160129813
3_2,3_2_2016,GAM,Nmult_0p2,5,0.16000000000000003,163.48346153846154,121.77527461376845,582.7190192226883
3_2,3_2_2016,GAM,Nmult_0p4,5,0.32000000000000006,161.9623076923077,121.6886729788778,556.6154264328505
3_2,3_2_2016,GAM,Nmult_0p6,5,0.48,161.9623076923077,121.6886729788778,530.7014572020813
3_2,3_2_2016,GAM,Nmult_0p8,5,0.6400000000000001,160.44115384615384,121.53405640611966,504.9879435690598
3_2,3_2_2016,GAM,Nmult_1p0,5,0.8,158.92,121.3137672960477,479.4328364802385
3_2,3_2_2016,GAM,Nmult_1p2,5,0.96,157.39884615384614,121.03014804921575,454.04784793838655
3_2,3_2_2016,GAM,Nmult_1p4,5,1.12,157.39884615384614,121.03014804921575,428.8640325537711
3_2,3_2_2016,GAM,Nmult_1p6,5,1.2800000000000002,155.8776923076923,120.68554106617752,403.90425917704147
3_2,3_2_2016,GAM,Nmult_1p8,5,1.4400000000000002,154.35653846153846,120.28228874748676,379.1380283528184
3_2,3_2_2016,RF,Nmult_0p2,5,0.16000000000000003,180.21615384615387,153.26086863458008,737.4697585575158
3_2,3_2_2016,RF,Nmult_0p4,5,0.32000000000000006,155.8776923076923,152.2348449491814,711.2933632074454
3_2,3_2_2016,RF,Nmult_0p6,5,0.48,149.7930769230769,151.7746360780862,686.9725034673539
3_2,3_2_2016,RF,Nmult_0p8,5,0.6400000000000001,139.14499999999998,150.51503803609765,663.5223901804882
3_2,3_2_2016,RF,Nmult_1p0,5,0.8,139.14499999999998,150.51503803609765,641.2591901804882
3_2,3_2_2016,RF,Nmult_1p2,5,0.96,139.14499999999998,150.51503803609765,618.9959901804882
3_2,3_2_2016,RF,Nmult_1p4,5,1.12,139.14499999999998,150.51503803609765,596.7327901804882
3_2,3_2_2016,RF,Nmult_1p6,5,1.2800000000000002,139.14499999999998,150.51503803609765,574.4695901804882
3_2,3_2_2016,RF,Nmult_1p8,5,1.4400000000000002,139.14499999999998,150.51503803609765,552.2063901804883
3_2,3_2_2016,XGB,Nmult_0p2,5,0.16000000000000003,184.7796153846154,150.47381591796875,722.8043411283053
3_2,3_2_2016,XGB,Nmult_0p4,5,0.32000000000000006,155.8776923076923,149.03182983398438,695.2782876314603
3_2,3_2_2016,XGB,Nmult_0p6,5,0.48,155.8776923076923,149.03182983398438,670.3378568622296
3_2,3_2_2016,XGB,Nmult_0p8,5,0.6400000000000001,139.14499999999998,146.9102020263672,645.4982101318359
3_2,3_2_2016,XGB,Nmult_1p0,5,0.8,139.14499999999998,146.9102020263672,623.2350101318359
3_2,3_2_2016,XGB,Nmult_1p2,5,0.96,139.14499999999998,146.9102020263672,600.9718101318359
3_2,3_2_2016,XGB,Nmult_1p4,5,1.12,139.14499999999998,146.9102020263672,578.7086101318359
3_2,3_2_2016,XGB,Nmult_1p6,5,1.2800000000000002,139.14499999999998,146.9102020263672,556.445410131836
3_2,3_2_2016,XGB,Nmult_1p8,5,1.4400000000000002,139.14499999999998,146.9102020263672,534.182210131836
3_2,3_2_2018,GAM,Nmult_0p2,5,0.16000000000000003,205.03005997476748,210.69674846447757,1020.678932726425
3_2,3_2_2018,GAM,Nmult_0p4,5,0.32000000000000006,205.03005997476748,210.69674846447757,987.8741231304622
3_2,3_2_2018,GAM,Nmult_0p6,5,0.48,205.03005997476748,210.69674846447757,955.0693135344994
3_2,3_2_2018,GAM,Nmult_0p8,5,0.6400000000000001,205.03005997476748,210.69674846447757,922.2645039385366
3_2,3_2_2018,GAM,Nmult_1p0,5,0.8,205.03005997476748,210.69674846447757,889.4596943425738
3_2,3_2_2018,GAM,Nmult_1p2,5,0.96,205.03005997476748,210.69674846447757,856.6548847466111
3_2,3_2_2018,GAM,Nmult_1p4,5,1.12,205.03005997476748,210.69674846447757,823.8500751506483
3_2,3_2_2018,GAM,Nmult_1p6,5,1.2800000000000002,161.7301858462105,199.63712498601697,791.1709870469352
3_2,3_2_2018,GAM,Nmult_1p8,5,1.4400000000000002,160.23708673832922,199.23929055600297,765.4550478768206
3_2,3_2_2018,RF,Nmult_0p2,5,0.16000000000000003,155.7577894146854,161.57468632148758,782.9521853010882
3_2,3_2_2018,RF,Nmult_0p4,5,0.32000000000000006,155.7577894146854,161.57468632148758,758.0309389947386
3_2,3_2_2018,RF,Nmult_0p6,5,0.48,149.7853929831603,161.1144774503924,733.6753986200451
3_2,3_2_2018,RF,Nmult_0p8,5,0.6400000000000001,149.7853929831603,161.1144774503924,709.7097357427394
3_2,3_2_2018,RF,Nmult_1p0,5,0.8,149.7853929831603,161.1144774503924,685.7440728654337
3_2,3_2_2018,RF,Nmult_1p2,5,0.96,149.7853929831603,161.1144774503924,661.7784099881281
3_2,3_2_2018,RF,Nmult_1p4,5,1.12,149.7853929831603,161.1144774503924,637.8127471108226
3_2,3_2_2018,RF,Nmult_1p6,5,1.2800000000000002,149.7853929831603,161.1144774503924,613.8470842335169
3_2,3_2_2018,RF,Nmult_1p8,5,1.4400000000000002,149.7853929831603,161.1144774503924,589.8814213562111
3_2,3_2_2018,XGB,Nmult_0p2,5,0.16000000000000003,155.7577894146854,155.9952850341797,755.0551788645488
3_2,3_2_2018,XGB,Nmult_0p4,5,0.32000000000000006,155.7577894146854,155.9952850341797,730.1339325581991
3_2,3_2_2018,XGB,Nmult_0p6,5,0.48,155.7577894146854,155.9952850341797,705.2126862518494
3_2,3_2_2018,XGB,Nmult_0p8,5,0.6400000000000001,155.7577894146854,155.9952850341797,680.2914399454997
3_2,3_2_2018,XGB,Nmult_1p0,5,0.8,155.7577894146854,155.9952850341797,655.3701936391501
3_2,3_2_2018,XGB,Nmult_1p2,5,0.96,155.7577894146854,155.9952850341797,630.4489473328005
3_2,3_2_2018,XGB,Nmult_1p4,5,1.12,155.7577894146854,155.9952850341797,605.5277010264508
3_2,3_2_2018,XGB,Nmult_1p6,5,1.2800000000000002,155.7577894146854,155.9952850341797,580.606454720101
3_2,3_2_2018,XGB,Nmult_1p8,5,1.4400000000000002,155.7577894146854,155.9952850341797,555.6852084137514
3_2,3_2_2020,GAM,Nmult_0p2,5,0.16000000000000003,122.51887572625552,150.9629239072476,735.211599420037
3_2,3_2_2020,GAM,Nmult_0p4,5,0.32000000000000006,122.51887572625552,150.9629239072476,715.6085793038362
3_2,3_2_2020,GAM,Nmult_0p6,5,0.48,122.51887572625552,150.9629239072476,696.0055591876353
3_2,3_2_2020,GAM,Nmult_0p8,5,0.6400000000000001,122.51887572625552,150.9629239072476,676.4025390714344
3_2,3_2_2020,GAM,Nmult_1p0,5,0.8,122.51887572625552,150.9629239072476,656.7995189552336
3_2,3_2_2020,GAM,Nmult_1p2,5,0.96,122.51887572625552,150.9629239072476,637.1964988390326
3_2,3_2_2020,GAM,Nmult_1p4,5,1.12,122.51887572625552,150.9629239072476,617.5934787228318
3_2,3_2_2020,GAM,Nmult_1p6,5,1.2800000000000002,122.51887572625552,150.9629239072476,597.9904586066309
3_2,3_2_2020,GAM,Nmult_1p8,5,1.4400000000000002,122.51887572625552,150.9629239072476,578.38743849043
3_2,3_2_2020,RF,Nmult_0p2,5,0.16000000000000003,122.51887572625552,184.1833391238254,901.313675502926
3_2,3_2_2020,RF,Nmult_0p4,5,0.32000000000000006,122.51887572625552,184.1833391238254,881.7106553867252
3_2,3_2_2020,RF,Nmult_0p6,5,0.48,122.51887572625552,184.1833391238254,862.1076352705243
3_2,3_2_2020,RF,Nmult_0p8,5,0.6400000000000001,122.51887572625552,184.1833391238254,842.5046151543233
3_2,3_2_2020,RF,Nmult_1p0,5,0.8,122.51887572625552,184.1833391238254,822.9015950381225
3_2,3_2_2020,RF,Nmult_1p2,5,0.96,122.51887572625552,184.1833391238254,803.2985749219216
3_2,3_2_2020,RF,Nmult_1p4,5,1.12,122.51887572625552,184.1833391238254,783.6955548057208
3_2,3_2_2020,RF,Nmult_1p6,5,1.2800000000000002,122.51887572625552,184.1833391238254,764.0925346895199
3_2,3_2_2020,RF,Nmult_1p8,5,1.4400000000000002,122.51887572625552,184.1833391238254,744.489514573319
3_2,3_2_2020,XGB,Nmult_0p2,5,0.16000000000000003,157.41785185249194,183.22628784179688,890.9445829125857
3_2,3_2_2020,XGB,Nmult_0p4,5,0.32000000000000006,157.41785185249194,183.22628784179688,865.7577266161869
3_2,3_2_2020,XGB,Nmult_0p6,5,0.48,157.41785185249194,183.22628784179688,840.5708703197882
3_2,3_2_2020,XGB,Nmult_0p8,5,0.6400000000000001,139.96836378937374,181.23194885253903,816.5799914374961
3_2,3_2_2020,XGB,Nmult_1p0,5,0.8,122.51887572625552,178.45431518554688,794.25647534673
3_2,3_2_2020,XGB,Nmult_1p2,5,0.96,122.51887572625552,178.45431518554688,774.6534552305291
3_2,3_2_2020,XGB,Nmult_1p4,5,1.12,122.51887572625552,178.45431518554688,755.0504351143283
3_2,3_2_2020,XGB,Nmult_1p6,5,1.2800000000000002,122.51887572625552,178.45431518554688,735.4474149981272
3_2,3_2_2020,XGB,Nmult_1p8,5,1.4400000000000002,122.51887572625552,178.45431518554688,715.8443948819264
40_1,40_1_2017,GAM,Nmult_0p2,5,0.16000000000000003,226.8399711669995,236.14074768095895,1144.4093430180749
40_1,40_1_2017,GAM,Nmult_0p4,5,0.32000000000000006,221.1108307812567,235.8600819083767,1108.5449436918814
40_1,40_1_2017,GAM,Nmult_0p6,5,0.48,217.29140385742815,235.54921365116633,1073.4461944042662
40_1,40_1_2017,GAM,Nmult_0p8,5,0.6400000000000001,215.38169039551389,235.3454026996667,1038.8827316452046
40_1,40_1_2017,GAM,Nmult_1p0,5,0.8,213.4719769335996,235.0978611937087,1004.7117244216638
40_1,40_1_2017,GAM,Nmult_1p2,5,0.96,177.18742115722844,228.6665482983557,973.2328171808392
40_1,40_1_2017,GAM,Nmult_1p4,5,1.12,175.27770769531418,228.27655203654527,945.0717275639744
40_1,40_1_2017,GAM,Nmult_1p6,5,1.2800000000000002,171.45828077148562,227.37126322684844,917.3897167467404
40_1,40_1_2017,GAM,Nmult_1p8,5,1.4400000000000002,167.6388538476571,226.33523046646383,890.2762027916929
40_1,40_1_2017,RF,Nmult_0p2,5,0.16000000000000003,202.01369616211397,214.05863409671804,1037.970979097652
40_1,40_1_2017,RF,Nmult_0p4,5,0.32000000000000006,160,211.6075380890776,1006.8376904453878
40_1,40_1_2017,RF,Nmult_0p6,5,0.48,160,211.6075380890776,981.237690445388
40_1,40_1_2017,RF,Nmult_0p8,5,0.6400000000000001,160,211.6075380890776,955.637690445388
40_1,40_1_2017,RF,Nmult_1p0,5,0.8,160,211.6075380890776,930.037690445388
40_1,40_1_2017,RF,Nmult_1p2,5,0.96,160,211.6075380890776,904.4376904453878
40_1,40_1_2017,RF,Nmult_1p4,5,1.12,160,211.6075380890776,878.8376904453878
40_1,40_1_2017,RF,Nmult_1p6,5,1.2800000000000002,160,211.6075380890776,853.2376904453878
40_1,40_1_2017,RF,Nmult_1p8,5,1.4400000000000002,160,211.6075380890776,827.6376904453878
40_1,40_1_2017,XGB,Nmult_0p2,5,0.16000000000000003,160,230.24964904785156,1125.648245239258
40_1,40_1_2017,XGB,Nmult_0p4,5,0.32000000000000006,160,230.24964904785156,1100.0482452392578
40_1,40_1_2017,XGB,Nmult_0p6,5,0.48,160,230.24964904785156,1074.448245239258
40_1,40_1_2017,XGB,Nmult_0p8,5,0.6400000000000001,160,230.24964904785156,1048.8482452392575
40_1,40_1_2017,XGB,Nmult_1p0,5,0.8,160,230.24964904785156,1023.2482452392578
40_1,40_1_2017,XGB,Nmult_1p2,5,0.96,160,230.24964904785156,997.6482452392578
40_1,40_1_2017,XGB,Nmult_1p4,5,1.12,160,230.24964904785156,972.0482452392578
40_1,40_1_2017,XGB,Nmult_1p6,5,1.2800000000000002,160,230.24964904785156,946.4482452392576
40_1,40_1_2017,XGB,Nmult_1p8,5,1.4400000000000002,160,230.24964904785156,920.8482452392576
40_1,40_1_2019,GAM,Nmult_0p2,5,0.16000000000000003,258.7214350771597,230.84792217540337,1112.844181264671
40_1,40_1_2019,GAM,Nmult_0p4,5,0.32000000000000006,258.7214350771597,230.84792217540337,1071.4487516523257
40_1,40_1_2019,GAM,Nmult_0p6,5,0.48,258.7214350771597,230.84792217540337,1030.05332203998
40_1,40_1_2019,GAM,Nmult_0p8,5,0.6400000000000001,258.7214350771597,230.84792217540337,988.6578924276344
40_1,40_1_2019,GAM,Nmult_1p0,5,0.8,258.7214350771597,230.84792217540337,947.2624628152888
40_1,40_1_2019,GAM,Nmult_1p2,5,0.96,258.7214350771597,230.84792217540337,905.8670332029434
40_1,40_1_2019,GAM,Nmult_1p4,5,1.12,258.7214350771597,230.84792217540337,864.4716035905979
40_1,40_1_2019,GAM,Nmult_1p6,5,1.2800000000000002,258.7214350771597,230.84792217540337,823.0761739782522
40_1,40_1_2019,GAM,Nmult_1p8,5,1.4400000000000002,258.7214350771597,230.84792217540337,781.6807443659068
40_1,40_1_2019,RF,Nmult_0p2,5,0.16000000000000003,155.80514407516677,222.70302336935583,1088.5862937947525
40_1,40_1_2019,RF,Nmult_0p4,5,0.32000000000000006,155.80514407516677,222.70302336935583,1063.6574707427258
40_1,40_1_2019,RF,Nmult_0p6,5,0.48,155.80514407516677,222.70302336935583,1038.728647690699
40_1,40_1_2019,RF,Nmult_0p8,5,0.6400000000000001,137.0930911657135,220.63376416860828,1015.4292424969848
40_1,40_1_2019,RF,Nmult_1p0,5,0.8,137.0930911657135,220.63376416860828,993.4943479104708
40_1,40_1_2019,RF,Nmult_1p2,5,0.96,137.0930911657135,220.63376416860828,971.5594533239564
40_1,40_1_2019,RF,Nmult_1p4,5,1.12,137.0930911657135,220.63376416860828,949.6245587374424
40_1,40_1_2019,RF,Nmult_1p6,5,1.2800000000000002,137.0930911657135,220.63376416860828,927.689664150928
40_1,40_1_2019,RF,Nmult_1p8,5,1.4400000000000002,137.0930911657135,220.63376416860828,905.754769564414
40_1,40_1_2019,XGB,Nmult_0p2,5,0.16000000000000003,190.1105744091644,235.29165649414065,1146.040590565237
40_1,40_1_2019,XGB,Nmult_0p4,5,0.32000000000000006,190.1105744091644,235.29165649414065,1115.6228986597705
40_1,40_1_2019,XGB,Nmult_0p6,5,0.48,155.80514407516677,233.0829162597656,1090.628112142748
40_1,40_1_2019,XGB,Nmult_0p8,5,0.6400000000000001,155.80514407516677,233.0829162597656,1065.699289090721
40_1,40_1_2019,XGB,Nmult_1p0,5,0.8,155.80514407516677,233.0829162597656,1040.7704660386946
40_1,40_1_2019,XGB,Nmult_1p2,5,0.96,155.80514407516677,233.0829162597656,1015.841642986668
40_1,40_1_2019,XGB,Nmult_1p4,5,1.12,155.80514407516677,233.0829162597656,990.9128199346412
40_1,40_1_2019,XGB,Nmult_1p6,5,1.2800000000000002,155.80514407516677,233.0829162597656,965.9839968826146
40_1,40_1_2019,XGB,Nmult_1p8,5,1.4400000000000002,155.80514407516677,233.0829162597656,941.055173830588
40_1,40_1_2021,GAM,Nmult_0p2,5,0.16000000000000003,258.600040910885,266.71429417418096,1292.1954643251631
40_1,40_1_2021,GAM,Nmult_0p4,5,0.32000000000000006,258.600040910885,266.71429417418096,1250.8194577794216
40_1,40_1_2021,GAM,Nmult_0p6,5,0.48,258.600040910885,266.71429417418096,1209.44345123368
40_1,40_1_2021,GAM,Nmult_0p8,5,0.6400000000000001,258.600040910885,266.71429417418096,1168.0674446879382
40_1,40_1_2021,GAM,Nmult_1p0,5,0.8,258.600040910885,266.71429417418096,1126.6914381421966
40_1,40_1_2021,GAM,Nmult_1p2,5,0.96,258.600040910885,266.71429417418096,1085.315431596455
40_1,40_1_2021,GAM,Nmult_1p4,5,1.12,258.600040910885,266.71429417418096,1043.9394250507137
40_1,40_1_2021,GAM,Nmult_1p6,5,1.2800000000000002,258.600040910885,266.71429417418096,1002.563418504972
40_1,40_1_2021,GAM,Nmult_1p8,5,1.4400000000000002,258.600040910885,266.71429417418096,961.1874119592304
40_1,40_1_2021,RF,Nmult_0p2,5,0.16000000000000003,190.9943801610183,225.64460977091832,1097.6639480288286
40_1,40_1_2021,RF,Nmult_0p4,5,0.32000000000000006,173.54775803202048,225.02399273336,1069.5846810965534
40_1,40_1_2021,RF,Nmult_0p6,5,0.48,173.54775803202048,225.02399273336,1041.8170398114305
40_1,40_1_2021,RF,Nmult_0p8,5,0.6400000000000001,173.54775803202048,225.02399273336,1014.0493985263068
40_1,40_1_2021,RF,Nmult_1p0,5,0.8,173.54775803202048,225.02399273336,986.2817572411836
40_1,40_1_2021,RF,Nmult_1p2,5,0.96,173.54775803202048,225.02399273336,958.5141159560604
40_1,40_1_2021,RF,Nmult_1p4,5,1.12,173.54775803202048,225.02399273336,930.7464746709372
40_1,40_1_2021,RF,Nmult_1p6,5,1.2800000000000002,173.54775803202048,225.02399273336,902.9788333858136
40_1,40_1_2021,RF,Nmult_1p8,5,1.4400000000000002,173.54775803202048,225.02399273336,875.2111921006905
40_1,40_1_2021,XGB,Nmult_0p2,5,0.16000000000000003,173.54775803202048,225.67201232910156,1100.5924203603845
40_1,40_1_2021,XGB,Nmult_0p4,5,0.32000000000000006,173.54775803202048,225.67201232910156,1072.8247790752612
40_1,40_1_2021,XGB,Nmult_0p6,5,0.48,173.54775803202048,225.67201232910156,1045.057137790138
40_1,40_1_2021,XGB,Nmult_0p8,5,0.6400000000000001,173.54775803202048,225.67201232910156,1017.2894965050148
40_1,40_1_2021,XGB,Nmult_1p0,5,0.8,173.54775803202048,225.67201232910156,989.5218552198914
40_1,40_1_2021,XGB,Nmult_1p2,5,0.96,173.54775803202048,225.67201232910156,961.754213934768
40_1,40_1_2021,XGB,Nmult_1p4,5,1.12,173.54775803202048,225.67201232910156,933.9865726496448
40_1,40_1_2021,XGB,Nmult_1p6,5,1.2800000000000002,173.54775803202048,225.67201232910156,906.2189313645216
40_1,40_1_2021,XGB,Nmult_1p8,5,1.4400000000000002,173.54775803202048,225.67201232910156,878.4512900793983
